id,order_id,product_id,quantity,price_at_moment,company_id
2255d654-e4e4-4f6a-adaf-76c395d238e1,22ca175c-6343-4abc-bba5-39174445738a,76af6a89-c4e9-431e-97dc-cc01d319be1f,1,9500,17ea9272-bf9d-406d-bca3-01fc75d08032
5dfa111f-e78e-4460-85de-b047a1773df8,22ca175c-6343-4abc-bba5-39174445738a,030a4e11-ffeb-4db0-b4f7-ade3186d7c71,2,3500,17ea9272-bf9d-406d-bca3-01fc75d08032
adc6b396-56b8-47ed-bdab-378927e0dd44,22ca175c-6343-4abc-bba5-39174445738a,a6f732bb-fafa-4d59-be16-7ba5f3b606c0,2,6500,17ea9272-bf9d-406d-bca3-01fc75d08032
712fff0e-6f0b-4a22-88c8-c08b21a7b88a,d98ece4d-e39e-43a5-808c-535ec68f3559,76af6a89-c4e9-431e-97dc-cc01d319be1f,2,9500,17ea9272-bf9d-406d-bca3-01fc75d08032
f3a765eb-01d6-49e3-a7af-5d310c7b9a00,d98ece4d-e39e-43a5-808c-535ec68f3559,a6f732bb-fafa-4d59-be16-7ba5f3b606c0,1,6500,17ea9272-bf9d-406d-bca3-01fc75d08032
60ab73ae-8fc8-4018-a248-29f95bdd6644,d98ece4d-e39e-43a5-808c-535ec68f3559,030a4e11-ffeb-4db0-b4f7-ade3186d7c71,1,3500,17ea9272-bf9d-406d-bca3-01fc75d08032
0b257ee2-36dd-455d-8023-887860f0b617,276b3cb2-1860-4afa-95b4-3e498d0c5486,a6f732bb-fafa-4d59-be16-7ba5f3b606c0,2,6500,17ea9272-bf9d-406d-bca3-01fc75d08032
e51bb7a9-705b-4e68-96a0-f4435bb3422a,276b3cb2-1860-4afa-95b4-3e498d0c5486,7ee18737-29e8-49a7-ae05-e7f3a39235dc,1,8000,17ea9272-bf9d-406d-bca3-01fc75d08032
3fcc249c-a229-4265-b048-847bf1a0e0a9,276b3cb2-1860-4afa-95b4-3e498d0c5486,7ee18737-29e8-49a7-ae05-e7f3a39235dc,2,8000,17ea9272-bf9d-406d-bca3-01fc75d08032
d42b5e71-4444-48c1-a6ee-1235a3b42b10,1a308f51-9f92-4739-bd3a-ac99d15b0185,030a4e11-ffeb-4db0-b4f7-ade3186d7c71,1,3500,17ea9272-bf9d-406d-bca3-01fc75d08032
54d12c3b-012c-4c02-b9d3-63af41a56be9,1a308f51-9f92-4739-bd3a-ac99d15b0185,7ee18737-29e8-49a7-ae05-e7f3a39235dc,1,8000,17ea9272-bf9d-406d-bca3-01fc75d08032
73866fb3-2f29-4c1e-bdc1-f48d96ee4caf,1a308f51-9f92-4739-bd3a-ac99d15b0185,76af6a89-c4e9-431e-97dc-cc01d319be1f,1,9500,17ea9272-bf9d-406d-bca3-01fc75d08032
0524214d-d748-43ee-99de-bceb00d2ce21,95945f6e-c09e-4195-82e0-da57df2fdab4,a6f732bb-fafa-4d59-be16-7ba5f3b606c0,2,6500,17ea9272-bf9d-406d-bca3-01fc75d08032
328305a8-c416-4f7c-816a-f8ca68219fbf,95945f6e-c09e-4195-82e0-da57df2fdab4,a6f732bb-fafa-4d59-be16-7ba5f3b606c0,2,6500,17ea9272-bf9d-406d-bca3-01fc75d08032
ff52d1a6-744a-4e6c-8a9d-916633b20509,95945f6e-c09e-4195-82e0-da57df2fdab4,a6f732bb-fafa-4d59-be16-7ba5f3b606c0,1,6500,17ea9272-bf9d-406d-bca3-01fc75d08032
5ba1149a-c789-4c85-a6c3-8ae47aa6b412,cde328b3-df27-4a63-89dc-f08ee6d91fae,030a4e11-ffeb-4db0-b4f7-ade3186d7c71,2,3500,17ea9272-bf9d-406d-bca3-01fc75d08032
9e673478-a4fc-4963-a297-19e8ea7f5260,23b9bd0c-b840-437a-9474-e62fca35473e,7ee18737-29e8-49a7-ae05-e7f3a39235dc,2,8000,17ea9272-bf9d-406d-bca3-01fc75d08032
854bc5b3-bc7c-46bb-9fbf-16e9b081a3fd,23b9bd0c-b840-437a-9474-e62fca35473e,76af6a89-c4e9-431e-97dc-cc01d319be1f,1,9500,17ea9272-bf9d-406d-bca3-01fc75d08032
1913b3f0-c106-48ea-afac-20f75db3b462,929694ec-daa0-424f-8782-046ac6e87f56,7ee18737-29e8-49a7-ae05-e7f3a39235dc,2,8000,17ea9272-bf9d-406d-bca3-01fc75d08032
7e4034e1-9168-458b-b201-ea6abfc94379,929694ec-daa0-424f-8782-046ac6e87f56,76af6a89-c4e9-431e-97dc-cc01d319be1f,2,9500,17ea9272-bf9d-406d-bca3-01fc75d08032
545d2b6f-ae28-4def-b659-dfbef2288caa,d5d1f76c-1b30-42d3-8746-e477178b4f78,7ee18737-29e8-49a7-ae05-e7f3a39235dc,1,8000,17ea9272-bf9d-406d-bca3-01fc75d08032
d8694720-88f7-48e7-905c-aea801efebb6,d5d1f76c-1b30-42d3-8746-e477178b4f78,a6f732bb-fafa-4d59-be16-7ba5f3b606c0,2,6500,17ea9272-bf9d-406d-bca3-01fc75d08032
65fe1fcc-a0f4-4921-ada2-36309dec9fb6,d5d1f76c-1b30-42d3-8746-e477178b4f78,7ee18737-29e8-49a7-ae05-e7f3a39235dc,2,8000,17ea9272-bf9d-406d-bca3-01fc75d08032
89374d9b-cb39-4464-b3aa-cd921897d74c,6f1d3f0f-96b6-483a-9b9f-3024a9939d08,a6f732bb-fafa-4d59-be16-7ba5f3b606c0,2,6500,17ea9272-bf9d-406d-bca3-01fc75d08032
62eab635-d8a9-4e34-b4f3-a21728c36ae0,2caee14c-10fc-479f-b604-910d2fe020e9,030a4e11-ffeb-4db0-b4f7-ade3186d7c71,2,3500,17ea9272-bf9d-406d-bca3-01fc75d08032
de6f480d-1979-4b8c-b454-eab9692ed3f1,2caee14c-10fc-479f-b604-910d2fe020e9,76af6a89-c4e9-431e-97dc-cc01d319be1f,2,9500,17ea9272-bf9d-406d-bca3-01fc75d08032
d35e1d74-dcdc-4be5-9123-313d2695c105,e32bf532-6ea6-4f89-8925-e8fa1823e06b,a6f732bb-fafa-4d59-be16-7ba5f3b606c0,2,6500,17ea9272-bf9d-406d-bca3-01fc75d08032
1fcb35b9-ee14-480f-b61b-b77df8ac94e6,e32bf532-6ea6-4f89-8925-e8fa1823e06b,a6f732bb-fafa-4d59-be16-7ba5f3b606c0,2,6500,17ea9272-bf9d-406d-bca3-01fc75d08032
6107ec46-3f5d-4d73-906c-2f190ad9cb2d,e32bf532-6ea6-4f89-8925-e8fa1823e06b,76af6a89-c4e9-431e-97dc-cc01d319be1f,2,9500,17ea9272-bf9d-406d-bca3-01fc75d08032
879fe66e-8ea8-4e34-b1e9-fedd09e5d556,489d7adc-cd32-4986-85e2-6b08f6c1018a,030a4e11-ffeb-4db0-b4f7-ade3186d7c71,2,3500,17ea9272-bf9d-406d-bca3-01fc75d08032
fd03a763-4140-48f9-bcd9-36f48f2289e0,5ffa7705-3f12-4ea6-be3c-c1c8a90c2c74,76af6a89-c4e9-431e-97dc-cc01d319be1f,2,9500,17ea9272-bf9d-406d-bca3-01fc75d08032
02ff66e4-aaef-45fc-88ef-b49ef6250327,0d0ee727-9877-4cea-8e82-9e5e0affe5a4,76af6a89-c4e9-431e-97dc-cc01d319be1f,1,9500,17ea9272-bf9d-406d-bca3-01fc75d08032
b879ad69-722f-41c4-89f4-bbba30467fb1,0d0ee727-9877-4cea-8e82-9e5e0affe5a4,030a4e11-ffeb-4db0-b4f7-ade3186d7c71,2,3500,17ea9272-bf9d-406d-bca3-01fc75d08032
91fdd289-88aa-4db5-bceb-3195ca1191ef,0d0ee727-9877-4cea-8e82-9e5e0affe5a4,7ee18737-29e8-49a7-ae05-e7f3a39235dc,1,8000,17ea9272-bf9d-406d-bca3-01fc75d08032
af46262f-a22c-4514-82e3-b671442652fd,f549af28-8985-41dd-b3b5-28234ebb2b53,030a4e11-ffeb-4db0-b4f7-ade3186d7c71,1,3500,17ea9272-bf9d-406d-bca3-01fc75d08032
d8eebb64-b5e3-4104-b72a-df82da5281f5,141a183e-a461-4c89-a282-af4f33034d7f,030a4e11-ffeb-4db0-b4f7-ade3186d7c71,2,3500,17ea9272-bf9d-406d-bca3-01fc75d08032
74f12e46-cb19-4682-9e6f-2580fdf72eb5,de1a2afd-7478-4d37-a511-13a2ab9964ff,76af6a89-c4e9-431e-97dc-cc01d319be1f,1,9500,17ea9272-bf9d-406d-bca3-01fc75d08032
ac5da125-3649-4fb9-9072-e9f0d22e4803,cebd17f2-b3f1-434e-b4b9-335f4a08adcd,76af6a89-c4e9-431e-97dc-cc01d319be1f,1,9500,17ea9272-bf9d-406d-bca3-01fc75d08032
1ed11660-43f0-429d-b949-b384f1eb6423,cebd17f2-b3f1-434e-b4b9-335f4a08adcd,a6f732bb-fafa-4d59-be16-7ba5f3b606c0,2,6500,17ea9272-bf9d-406d-bca3-01fc75d08032
30ae1e42-1449-49ad-9b54-a8e73f384805,cebd17f2-b3f1-434e-b4b9-335f4a08adcd,030a4e11-ffeb-4db0-b4f7-ade3186d7c71,2,3500,17ea9272-bf9d-406d-bca3-01fc75d08032
afac7e74-767d-4844-a992-131ed4c006df,6e554508-38e7-49f2-ae89-0bc530a0a83f,76af6a89-c4e9-431e-97dc-cc01d319be1f,2,9500,17ea9272-bf9d-406d-bca3-01fc75d08032
05134e59-cd1e-4953-9b68-46dbb7d0749c,6e554508-38e7-49f2-ae89-0bc530a0a83f,a6f732bb-fafa-4d59-be16-7ba5f3b606c0,2,6500,17ea9272-bf9d-406d-bca3-01fc75d08032
995e2b74-680a-4c2b-ad2c-db8f6262bf37,6e554508-38e7-49f2-ae89-0bc530a0a83f,a6f732bb-fafa-4d59-be16-7ba5f3b606c0,2,6500,17ea9272-bf9d-406d-bca3-01fc75d08032
d09b1854-45a6-4f9b-a1c9-e1913b4941fc,2aa43954-71fb-4b16-a2eb-da867a0864b2,7ee18737-29e8-49a7-ae05-e7f3a39235dc,2,8000,17ea9272-bf9d-406d-bca3-01fc75d08032
56721715-c6aa-439f-a51e-3ffeefc9158b,2aa43954-71fb-4b16-a2eb-da867a0864b2,76af6a89-c4e9-431e-97dc-cc01d319be1f,2,9500,17ea9272-bf9d-406d-bca3-01fc75d08032
2314133a-89d4-454b-bef0-ed952d44e399,1de3acc1-9ada-41dd-adf2-684124ca3bc3,76af6a89-c4e9-431e-97dc-cc01d319be1f,2,9500,17ea9272-bf9d-406d-bca3-01fc75d08032
2383067e-b1c1-453a-b099-62db23a49ba8,1de3acc1-9ada-41dd-adf2-684124ca3bc3,a6f732bb-fafa-4d59-be16-7ba5f3b606c0,1,6500,17ea9272-bf9d-406d-bca3-01fc75d08032
efbb6870-d4ad-465c-91a3-1725ce444851,1de3acc1-9ada-41dd-adf2-684124ca3bc3,030a4e11-ffeb-4db0-b4f7-ade3186d7c71,2,3500,17ea9272-bf9d-406d-bca3-01fc75d08032
f9c0bc07-0365-4f86-bc3b-201adb0e97ce,db31f763-5ca6-48ef-949d-2fccbb792b94,030a4e11-ffeb-4db0-b4f7-ade3186d7c71,1,3500,17ea9272-bf9d-406d-bca3-01fc75d08032
5b0dd0fa-00f9-4d01-9bc6-9741784000ad,e2bef967-b218-4a8c-bdea-1e72d5e49c74,76af6a89-c4e9-431e-97dc-cc01d319be1f,2,9500,17ea9272-bf9d-406d-bca3-01fc75d08032
cddfa960-2f36-4692-9e1d-456eda1a0f65,e2bef967-b218-4a8c-bdea-1e72d5e49c74,030a4e11-ffeb-4db0-b4f7-ade3186d7c71,2,3500,17ea9272-bf9d-406d-bca3-01fc75d08032
b416223b-d944-48e2-8d85-3e1d77f035e3,ee705e76-1a23-4a75-af72-d961bb938b1a,a6f732bb-fafa-4d59-be16-7ba5f3b606c0,2,6500,17ea9272-bf9d-406d-bca3-01fc75d08032
ca094677-7580-4eba-9630-eb65b969fe1b,ee705e76-1a23-4a75-af72-d961bb938b1a,030a4e11-ffeb-4db0-b4f7-ade3186d7c71,2,3500,17ea9272-bf9d-406d-bca3-01fc75d08032
7ae34cb9-a682-4324-b220-622b8e7138aa,51211b96-3286-4e0d-b8a4-c66d73d2a153,76af6a89-c4e9-431e-97dc-cc01d319be1f,1,9500,17ea9272-bf9d-406d-bca3-01fc75d08032
949c3b5f-d3ab-42d8-8c1c-3010fc49c60e,0bbb5ec2-e021-4441-ad2f-20cbb6cf77bb,76af6a89-c4e9-431e-97dc-cc01d319be1f,2,9500,17ea9272-bf9d-406d-bca3-01fc75d08032
3dabde71-1909-4f8f-98ab-7a2d22510454,0bbb5ec2-e021-4441-ad2f-20cbb6cf77bb,7ee18737-29e8-49a7-ae05-e7f3a39235dc,2,8000,17ea9272-bf9d-406d-bca3-01fc75d08032
ef96acb9-644f-473e-bedc-a6b59c4a1e77,1bc992ae-c23c-47b7-9f70-0916d89bb949,76af6a89-c4e9-431e-97dc-cc01d319be1f,1,9500,17ea9272-bf9d-406d-bca3-01fc75d08032
2c1d618f-83cf-42ee-998a-7f592980dbb5,1bc992ae-c23c-47b7-9f70-0916d89bb949,7ee18737-29e8-49a7-ae05-e7f3a39235dc,1,8000,17ea9272-bf9d-406d-bca3-01fc75d08032
166a3ba9-1f37-419a-bcc6-7661b396e8e6,04dad1f9-6098-40f8-8e10-f7d09276d070,a6f732bb-fafa-4d59-be16-7ba5f3b606c0,1,6500,17ea9272-bf9d-406d-bca3-01fc75d08032
a8049697-3da5-43b2-9f5d-799ac212dee9,33dc6510-b296-4905-b691-a72622d3e04f,76af6a89-c4e9-431e-97dc-cc01d319be1f,2,9500,17ea9272-bf9d-406d-bca3-01fc75d08032
8d7f3664-df34-4177-a414-f6bc7cc07223,33dc6510-b296-4905-b691-a72622d3e04f,030a4e11-ffeb-4db0-b4f7-ade3186d7c71,1,3500,17ea9272-bf9d-406d-bca3-01fc75d08032
17e2737f-1b1c-405e-81b0-029fe075f243,8854fec5-8d24-46fc-9ca0-a67c52cbf289,030a4e11-ffeb-4db0-b4f7-ade3186d7c71,1,3500,17ea9272-bf9d-406d-bca3-01fc75d08032
2345d59f-0ecc-4ecd-a7fd-8fc18c226e66,addfe91e-c56f-4aa5-91bb-94084766d3a8,030a4e11-ffeb-4db0-b4f7-ade3186d7c71,2,3500,17ea9272-bf9d-406d-bca3-01fc75d08032
66b7feda-1c9d-40dc-9661-d8858ff162ff,addfe91e-c56f-4aa5-91bb-94084766d3a8,76af6a89-c4e9-431e-97dc-cc01d319be1f,2,9500,17ea9272-bf9d-406d-bca3-01fc75d08032
b598a176-4b62-4e1f-8c30-a84239428af4,addfe91e-c56f-4aa5-91bb-94084766d3a8,a6f732bb-fafa-4d59-be16-7ba5f3b606c0,2,6500,17ea9272-bf9d-406d-bca3-01fc75d08032
947de357-2aed-4218-8dad-32c847bf19de,81338684-5ef7-4d4a-83eb-d2dd0a2aef96,a6f732bb-fafa-4d59-be16-7ba5f3b606c0,2,6500,17ea9272-bf9d-406d-bca3-01fc75d08032
d624447d-fa29-4941-a74c-e3c55092399b,81338684-5ef7-4d4a-83eb-d2dd0a2aef96,a6f732bb-fafa-4d59-be16-7ba5f3b606c0,1,6500,17ea9272-bf9d-406d-bca3-01fc75d08032
79a44dee-dc65-4918-9938-a49e5d557f48,81338684-5ef7-4d4a-83eb-d2dd0a2aef96,030a4e11-ffeb-4db0-b4f7-ade3186d7c71,2,3500,17ea9272-bf9d-406d-bca3-01fc75d08032
984f7a93-876b-48c8-95d6-447676423ac7,358b002b-1263-48a7-86f9-70cc83d3b0f2,030a4e11-ffeb-4db0-b4f7-ade3186d7c71,2,3500,17ea9272-bf9d-406d-bca3-01fc75d08032
3a064ce4-b922-4669-a27e-175337cd7d67,358b002b-1263-48a7-86f9-70cc83d3b0f2,7ee18737-29e8-49a7-ae05-e7f3a39235dc,1,8000,17ea9272-bf9d-406d-bca3-01fc75d08032
8db7b2e4-4749-4685-b9b3-0671bacf88a5,64962007-f3a2-4961-b9ab-2dd3db321efb,7ee18737-29e8-49a7-ae05-e7f3a39235dc,2,8000,17ea9272-bf9d-406d-bca3-01fc75d08032
39d95569-fe40-4c2e-96c5-69650abde230,64962007-f3a2-4961-b9ab-2dd3db321efb,76af6a89-c4e9-431e-97dc-cc01d319be1f,1,9500,17ea9272-bf9d-406d-bca3-01fc75d08032
af250443-c0f7-4fbc-82ca-0eb0b495f85c,aaf44b98-9655-4e3a-a90e-445f38a7bf26,a6f732bb-fafa-4d59-be16-7ba5f3b606c0,1,6500,17ea9272-bf9d-406d-bca3-01fc75d08032
2f24f732-4264-4088-b8c8-11f836073a05,aaf44b98-9655-4e3a-a90e-445f38a7bf26,a6f732bb-fafa-4d59-be16-7ba5f3b606c0,2,6500,17ea9272-bf9d-406d-bca3-01fc75d08032
cd9b6846-7096-4771-bd05-e2269630e549,aaf44b98-9655-4e3a-a90e-445f38a7bf26,030a4e11-ffeb-4db0-b4f7-ade3186d7c71,2,3500,17ea9272-bf9d-406d-bca3-01fc75d08032
2e8f8b1e-4a67-4d92-834d-199973ccae0c,778f4a3c-fab3-419a-b71a-23b9472aa7fd,030a4e11-ffeb-4db0-b4f7-ade3186d7c71,2,3500,17ea9272-bf9d-406d-bca3-01fc75d08032
047d6754-0aa1-40a1-b85d-86f1adbc0cbd,778f4a3c-fab3-419a-b71a-23b9472aa7fd,76af6a89-c4e9-431e-97dc-cc01d319be1f,1,9500,17ea9272-bf9d-406d-bca3-01fc75d08032
2efbfceb-7f37-4517-b3bb-a92aa1b1012c,778f4a3c-fab3-419a-b71a-23b9472aa7fd,a6f732bb-fafa-4d59-be16-7ba5f3b606c0,1,6500,17ea9272-bf9d-406d-bca3-01fc75d08032
2f1d520e-51c2-47bc-bb54-1dbe8a667293,f058c7db-8cf4-48e8-9d26-6761248378a9,a6f732bb-fafa-4d59-be16-7ba5f3b606c0,1,6500,17ea9272-bf9d-406d-bca3-01fc75d08032
bdfcb55d-8d80-4421-a119-4b8b8b699d72,194bc0a0-1ebc-44d6-b3d3-7deb7d661d66,7ee18737-29e8-49a7-ae05-e7f3a39235dc,2,8000,17ea9272-bf9d-406d-bca3-01fc75d08032
2ef1032c-d7a5-4029-911c-744965c5b34b,194bc0a0-1ebc-44d6-b3d3-7deb7d661d66,7ee18737-29e8-49a7-ae05-e7f3a39235dc,1,8000,17ea9272-bf9d-406d-bca3-01fc75d08032
4ffd652e-f3df-45df-83f0-915e46c7757e,194bc0a0-1ebc-44d6-b3d3-7deb7d661d66,a6f732bb-fafa-4d59-be16-7ba5f3b606c0,2,6500,17ea9272-bf9d-406d-bca3-01fc75d08032
064e76bf-8682-4baa-ad6a-eac06ece8a15,02feeabe-59f0-4841-b19d-84443ab5c8c8,030a4e11-ffeb-4db0-b4f7-ade3186d7c71,1,3500,17ea9272-bf9d-406d-bca3-01fc75d08032
f7935427-20d5-4cae-81fa-c0b6a08d55e7,02feeabe-59f0-4841-b19d-84443ab5c8c8,76af6a89-c4e9-431e-97dc-cc01d319be1f,1,9500,17ea9272-bf9d-406d-bca3-01fc75d08032
a8a90c91-2dc1-49cd-b7a5-322a4e483e3c,8f44c36c-30b0-479f-b2d3-50616ca52fa2,7ee18737-29e8-49a7-ae05-e7f3a39235dc,2,8000,17ea9272-bf9d-406d-bca3-01fc75d08032
2f67bc5f-5688-493d-a718-c7239d7062c1,8f44c36c-30b0-479f-b2d3-50616ca52fa2,7ee18737-29e8-49a7-ae05-e7f3a39235dc,1,8000,17ea9272-bf9d-406d-bca3-01fc75d08032
13e8a3d4-84e6-4227-845c-4f7b3eaed459,a2dc518e-7616-49d1-99f5-fc91129fdd92,76af6a89-c4e9-431e-97dc-cc01d319be1f,1,9500,17ea9272-bf9d-406d-bca3-01fc75d08032
3a869b72-b258-4ff4-93f3-87eacef30598,609592a7-1090-4cc2-9ae2-67d2afdd91b4,030a4e11-ffeb-4db0-b4f7-ade3186d7c71,2,3500,17ea9272-bf9d-406d-bca3-01fc75d08032
a4e3f225-6d06-415e-bd1a-e9594256c2c6,609592a7-1090-4cc2-9ae2-67d2afdd91b4,030a4e11-ffeb-4db0-b4f7-ade3186d7c71,1,3500,17ea9272-bf9d-406d-bca3-01fc75d08032
8d159501-4c52-4355-94b6-3440950ac8df,782e5afa-89df-419f-a95b-fe94b5372607,76af6a89-c4e9-431e-97dc-cc01d319be1f,2,9500,17ea9272-bf9d-406d-bca3-01fc75d08032
b50c5f91-fdfe-4ab4-b577-c82ca304a5d0,782e5afa-89df-419f-a95b-fe94b5372607,76af6a89-c4e9-431e-97dc-cc01d319be1f,1,9500,17ea9272-bf9d-406d-bca3-01fc75d08032
09aec11b-5fa2-46f4-b511-abefbda096ad,782e5afa-89df-419f-a95b-fe94b5372607,a6f732bb-fafa-4d59-be16-7ba5f3b606c0,2,6500,17ea9272-bf9d-406d-bca3-01fc75d08032
c963984a-fb02-40e4-9149-367bacffaaf0,647bb007-e585-4974-9fa6-aaec1acb6225,7ee18737-29e8-49a7-ae05-e7f3a39235dc,1,8000,17ea9272-bf9d-406d-bca3-01fc75d08032
b8ea373e-0552-46c3-acdc-c8f5d978fadc,647bb007-e585-4974-9fa6-aaec1acb6225,7ee18737-29e8-49a7-ae05-e7f3a39235dc,2,8000,17ea9272-bf9d-406d-bca3-01fc75d08032
95f0d132-cb56-465a-9f50-280e55f42766,cb7091ab-be58-4c9a-8457-8df090476296,030a4e11-ffeb-4db0-b4f7-ade3186d7c71,1,3500,17ea9272-bf9d-406d-bca3-01fc75d08032
bb9d2a7d-366c-4d74-bd2b-378d8a0ebd13,e1b67a1e-9503-44a6-a710-34e32bac9063,a6f732bb-fafa-4d59-be16-7ba5f3b606c0,1,6500,17ea9272-bf9d-406d-bca3-01fc75d08032
018f9481-d667-4d63-979f-29bb11bc3f0c,e1b67a1e-9503-44a6-a710-34e32bac9063,76af6a89-c4e9-431e-97dc-cc01d319be1f,2,9500,17ea9272-bf9d-406d-bca3-01fc75d08032
91481a65-f2af-4690-97dc-e793a21621be,185eb874-50b4-4b33-a4c8-f723cd1be37c,a6f732bb-fafa-4d59-be16-7ba5f3b606c0,2,6500,17ea9272-bf9d-406d-bca3-01fc75d08032
30912113-f840-417a-b5b9-ea350c935622,c3dcb8e0-2e2c-4a0d-95ab-11b15a8d2ce5,76af6a89-c4e9-431e-97dc-cc01d319be1f,2,9500,17ea9272-bf9d-406d-bca3-01fc75d08032
7a585843-c496-4268-b463-914edd438fa0,c3dcb8e0-2e2c-4a0d-95ab-11b15a8d2ce5,76af6a89-c4e9-431e-97dc-cc01d319be1f,2,9500,17ea9272-bf9d-406d-bca3-01fc75d08032
8ea041ee-a1da-4c10-b3cb-5ec5a4d08d1a,c3dcb8e0-2e2c-4a0d-95ab-11b15a8d2ce5,030a4e11-ffeb-4db0-b4f7-ade3186d7c71,1,3500,17ea9272-bf9d-406d-bca3-01fc75d08032
6ffacda7-4952-4d01-8bc2-177c000a61c3,19de0ec6-cde2-4116-87ee-816886df0984,7ee18737-29e8-49a7-ae05-e7f3a39235dc,1,8000,17ea9272-bf9d-406d-bca3-01fc75d08032
3628e87b-2c8f-4c9e-9088-df6acaec2211,e6afc14e-a535-464c-94c7-0bef67e440d8,030a4e11-ffeb-4db0-b4f7-ade3186d7c71,2,3500,17ea9272-bf9d-406d-bca3-01fc75d08032
6741b463-312e-4371-b927-369c8871d269,e6afc14e-a535-464c-94c7-0bef67e440d8,a6f732bb-fafa-4d59-be16-7ba5f3b606c0,1,6500,17ea9272-bf9d-406d-bca3-01fc75d08032
c00bf8b9-6f98-4e3a-8168-1dc1c52a370d,e6afc14e-a535-464c-94c7-0bef67e440d8,76af6a89-c4e9-431e-97dc-cc01d319be1f,1,9500,17ea9272-bf9d-406d-bca3-01fc75d08032
7b4fcc44-1f66-44b7-9e44-77c16cf2e83a,f5778796-3ac7-4e22-b450-91728872963f,030a4e11-ffeb-4db0-b4f7-ade3186d7c71,1,3500,17ea9272-bf9d-406d-bca3-01fc75d08032
027b343a-f2d0-49bb-aa2e-5f8ac9024854,f5778796-3ac7-4e22-b450-91728872963f,030a4e11-ffeb-4db0-b4f7-ade3186d7c71,1,3500,17ea9272-bf9d-406d-bca3-01fc75d08032
657016e5-b7f6-4d81-9ada-8f4a8acdc012,5467e307-0d58-486e-9199-aafd815ec56d,7ee18737-29e8-49a7-ae05-e7f3a39235dc,1,8000,17ea9272-bf9d-406d-bca3-01fc75d08032
4d3253e5-0186-4ec4-825a-e8b41438bb51,5467e307-0d58-486e-9199-aafd815ec56d,7ee18737-29e8-49a7-ae05-e7f3a39235dc,1,8000,17ea9272-bf9d-406d-bca3-01fc75d08032
7a561e93-d6b2-4860-94d8-cb814d8f3b58,5467e307-0d58-486e-9199-aafd815ec56d,030a4e11-ffeb-4db0-b4f7-ade3186d7c71,1,3500,17ea9272-bf9d-406d-bca3-01fc75d08032
43c2154d-d33f-41ef-bfac-74ced05bacb8,08c21799-deb0-445d-9e8f-998f90b33b5f,a6f732bb-fafa-4d59-be16-7ba5f3b606c0,1,6500,17ea9272-bf9d-406d-bca3-01fc75d08032
4a57112f-47e2-411d-83e7-4adf9911d1b0,08c21799-deb0-445d-9e8f-998f90b33b5f,030a4e11-ffeb-4db0-b4f7-ade3186d7c71,2,3500,17ea9272-bf9d-406d-bca3-01fc75d08032
ab86978f-39c2-4ba3-a059-1d2ec9a3027d,08c21799-deb0-445d-9e8f-998f90b33b5f,76af6a89-c4e9-431e-97dc-cc01d319be1f,1,9500,17ea9272-bf9d-406d-bca3-01fc75d08032
9a6a3784-61aa-45ec-8710-2d71bb40daa8,8560841e-4e51-4fe6-ae73-0e50ac1dc72c,7ee18737-29e8-49a7-ae05-e7f3a39235dc,2,8000,17ea9272-bf9d-406d-bca3-01fc75d08032
8a1f2192-f81b-485f-9e92-06a4f6cf3a70,013ecc52-2fd5-475e-b035-d2139efc4302,76af6a89-c4e9-431e-97dc-cc01d319be1f,2,9500,17ea9272-bf9d-406d-bca3-01fc75d08032
bc41a591-2e37-49de-8081-c0380898a10e,013ecc52-2fd5-475e-b035-d2139efc4302,a6f732bb-fafa-4d59-be16-7ba5f3b606c0,2,6500,17ea9272-bf9d-406d-bca3-01fc75d08032
16abe99c-6ce3-4d93-b4fc-4505564fded6,013ecc52-2fd5-475e-b035-d2139efc4302,76af6a89-c4e9-431e-97dc-cc01d319be1f,1,9500,17ea9272-bf9d-406d-bca3-01fc75d08032
94b07313-95b6-49f8-9221-1d5678db8b77,086365df-b054-4aff-92e1-3af031d0ffaf,7ee18737-29e8-49a7-ae05-e7f3a39235dc,1,8000,17ea9272-bf9d-406d-bca3-01fc75d08032
a4596e70-6887-4baf-b2bf-5ff78b595601,086365df-b054-4aff-92e1-3af031d0ffaf,a6f732bb-fafa-4d59-be16-7ba5f3b606c0,1,6500,17ea9272-bf9d-406d-bca3-01fc75d08032
8def4e5b-1b68-44cc-aa18-69485f67bb7e,086365df-b054-4aff-92e1-3af031d0ffaf,76af6a89-c4e9-431e-97dc-cc01d319be1f,2,9500,17ea9272-bf9d-406d-bca3-01fc75d08032
34882e3d-0604-4b36-8145-45d19ae33086,a3028a2f-81ae-4fcc-89e7-3a16e939e1fe,76af6a89-c4e9-431e-97dc-cc01d319be1f,2,9500,17ea9272-bf9d-406d-bca3-01fc75d08032
6eea4e57-ff50-46b4-a4a8-674a7851ad7c,a3028a2f-81ae-4fcc-89e7-3a16e939e1fe,7ee18737-29e8-49a7-ae05-e7f3a39235dc,2,8000,17ea9272-bf9d-406d-bca3-01fc75d08032
3ac128c1-4925-4afb-8167-08460b14b008,a3028a2f-81ae-4fcc-89e7-3a16e939e1fe,7ee18737-29e8-49a7-ae05-e7f3a39235dc,1,8000,17ea9272-bf9d-406d-bca3-01fc75d08032
ce1d9e79-63ff-4b03-8db2-26e541bd9135,769b0d7c-a268-48e2-a0ad-ae63094c2400,7ee18737-29e8-49a7-ae05-e7f3a39235dc,2,8000,17ea9272-bf9d-406d-bca3-01fc75d08032
9d5f06d6-6499-458a-b57b-dfa69170c542,5d93b64b-c30b-4e32-807f-40437009aa45,76af6a89-c4e9-431e-97dc-cc01d319be1f,2,9500,17ea9272-bf9d-406d-bca3-01fc75d08032
af6bacbb-012e-4775-a612-873df08bdb6a,498e8ac0-192f-42d8-a6a6-1b4fe499192b,030a4e11-ffeb-4db0-b4f7-ade3186d7c71,2,3500,17ea9272-bf9d-406d-bca3-01fc75d08032
b5a17f90-6a52-4c57-9317-3c36f0cb761f,498e8ac0-192f-42d8-a6a6-1b4fe499192b,030a4e11-ffeb-4db0-b4f7-ade3186d7c71,2,3500,17ea9272-bf9d-406d-bca3-01fc75d08032
93d901ad-3ccb-4e9c-b64f-ee4cb67438e3,498e8ac0-192f-42d8-a6a6-1b4fe499192b,76af6a89-c4e9-431e-97dc-cc01d319be1f,1,9500,17ea9272-bf9d-406d-bca3-01fc75d08032
dae343f2-429d-416f-b192-a44d9a70f3a1,1badaaf3-7d62-44a2-b0b1-c177db09b68f,7ee18737-29e8-49a7-ae05-e7f3a39235dc,1,8000,17ea9272-bf9d-406d-bca3-01fc75d08032
398246f4-2f7a-4a75-895f-6a1f6e93278e,1badaaf3-7d62-44a2-b0b1-c177db09b68f,a6f732bb-fafa-4d59-be16-7ba5f3b606c0,1,6500,17ea9272-bf9d-406d-bca3-01fc75d08032
fea9a3bd-4400-416b-8719-d7a47475b75a,4da9d86d-ac2f-47b0-90ce-628b75173fad,7ee18737-29e8-49a7-ae05-e7f3a39235dc,2,8000,17ea9272-bf9d-406d-bca3-01fc75d08032
a09cd5ba-1ef2-4bd0-b881-559eda017fb9,4da9d86d-ac2f-47b0-90ce-628b75173fad,76af6a89-c4e9-431e-97dc-cc01d319be1f,2,9500,17ea9272-bf9d-406d-bca3-01fc75d08032
aa935b8d-9459-4c18-809f-9ead4b78a30a,e5dee31c-8839-45d9-88d0-31828d07d161,76af6a89-c4e9-431e-97dc-cc01d319be1f,2,9500,17ea9272-bf9d-406d-bca3-01fc75d08032
ca3514b0-661a-4e2b-9df9-cd1ace08d41f,e5dee31c-8839-45d9-88d0-31828d07d161,a6f732bb-fafa-4d59-be16-7ba5f3b606c0,1,6500,17ea9272-bf9d-406d-bca3-01fc75d08032
f68da704-5667-46fa-a125-f89e77ea85f9,563a16b1-6e67-45e1-89d6-74c47c084cbb,030a4e11-ffeb-4db0-b4f7-ade3186d7c71,2,3500,17ea9272-bf9d-406d-bca3-01fc75d08032
c456f0da-5eae-41cc-a8e1-134dc91f3562,563a16b1-6e67-45e1-89d6-74c47c084cbb,7ee18737-29e8-49a7-ae05-e7f3a39235dc,1,8000,17ea9272-bf9d-406d-bca3-01fc75d08032
a731c4dd-de06-4840-8050-d960d3627b12,563a16b1-6e67-45e1-89d6-74c47c084cbb,a6f732bb-fafa-4d59-be16-7ba5f3b606c0,1,6500,17ea9272-bf9d-406d-bca3-01fc75d08032
9806c207-1061-4c20-81b1-e2377bd11d93,a14e6884-ab29-4c97-a074-a884486eeb41,a6f732bb-fafa-4d59-be16-7ba5f3b606c0,1,6500,17ea9272-bf9d-406d-bca3-01fc75d08032
616faa27-a0d3-4a4c-a674-ec07341246d1,a14e6884-ab29-4c97-a074-a884486eeb41,a6f732bb-fafa-4d59-be16-7ba5f3b606c0,2,6500,17ea9272-bf9d-406d-bca3-01fc75d08032
b368e065-bc24-4537-987d-df1d31f1206b,15890312-98b5-4845-ae4f-16bdd7326767,76af6a89-c4e9-431e-97dc-cc01d319be1f,1,9500,17ea9272-bf9d-406d-bca3-01fc75d08032
d4c9790f-0395-485e-8cf4-069baa11e0aa,e09afa70-e7a5-498b-a8d6-33cb449b08cb,7ee18737-29e8-49a7-ae05-e7f3a39235dc,1,8000,17ea9272-bf9d-406d-bca3-01fc75d08032
bfb3e692-1c5e-48c8-aaef-e4ef75510633,e09afa70-e7a5-498b-a8d6-33cb449b08cb,7ee18737-29e8-49a7-ae05-e7f3a39235dc,1,8000,17ea9272-bf9d-406d-bca3-01fc75d08032
471aa95a-0597-4770-9928-32111cc59db1,e09afa70-e7a5-498b-a8d6-33cb449b08cb,030a4e11-ffeb-4db0-b4f7-ade3186d7c71,2,3500,17ea9272-bf9d-406d-bca3-01fc75d08032
5141b3b5-d418-4e8a-ae27-48f190db0aa2,7ebef6b3-9864-48bb-a984-fc2ccf7aa445,030a4e11-ffeb-4db0-b4f7-ade3186d7c71,2,3500,17ea9272-bf9d-406d-bca3-01fc75d08032
fc52bcb6-8d3c-4b9f-ac3e-92e811a395cd,f3c032dd-923e-44eb-94bd-42067ef433da,7ee18737-29e8-49a7-ae05-e7f3a39235dc,2,8000,17ea9272-bf9d-406d-bca3-01fc75d08032
d02e634f-df75-4a01-9f33-2355b6f708d8,b1b7e833-f048-4149-8dc2-261d553559ff,7ee18737-29e8-49a7-ae05-e7f3a39235dc,2,8000,17ea9272-bf9d-406d-bca3-01fc75d08032
6b11d50d-d964-4de6-9a9c-fc1e38dd750b,b1b7e833-f048-4149-8dc2-261d553559ff,7ee18737-29e8-49a7-ae05-e7f3a39235dc,1,8000,17ea9272-bf9d-406d-bca3-01fc75d08032
c5b36936-80d7-4f14-900a-5091fe766e46,4b372627-c8d6-4cf4-a181-d9dd498f0367,a6f732bb-fafa-4d59-be16-7ba5f3b606c0,2,6500,17ea9272-bf9d-406d-bca3-01fc75d08032
fe1ebb3b-45a7-43b9-9f4e-6189e11ce5e4,4b372627-c8d6-4cf4-a181-d9dd498f0367,030a4e11-ffeb-4db0-b4f7-ade3186d7c71,2,3500,17ea9272-bf9d-406d-bca3-01fc75d08032
931ea14e-f33d-4fe9-a042-664c8380957f,52bcc32f-0f94-466e-a9a6-53774f2ecfd5,030a4e11-ffeb-4db0-b4f7-ade3186d7c71,1,3500,17ea9272-bf9d-406d-bca3-01fc75d08032
c220c333-d733-4e5e-bf8e-93ac2d510b35,52bcc32f-0f94-466e-a9a6-53774f2ecfd5,a6f732bb-fafa-4d59-be16-7ba5f3b606c0,1,6500,17ea9272-bf9d-406d-bca3-01fc75d08032
6fc854c1-b975-4b28-ae23-91186783506c,52bcc32f-0f94-466e-a9a6-53774f2ecfd5,a6f732bb-fafa-4d59-be16-7ba5f3b606c0,1,6500,17ea9272-bf9d-406d-bca3-01fc75d08032
e3113e83-6135-4218-9589-071578e668e1,3f17e385-501d-410b-818f-6f6311850b1f,76af6a89-c4e9-431e-97dc-cc01d319be1f,2,9500,17ea9272-bf9d-406d-bca3-01fc75d08032
5cb56b9f-933f-4201-953c-9988128122b9,cd82e968-b2b4-42a3-9ddd-95572b74325f,030a4e11-ffeb-4db0-b4f7-ade3186d7c71,2,3500,17ea9272-bf9d-406d-bca3-01fc75d08032
d09dc8d5-0371-4744-a80c-cb158081c8c1,cd82e968-b2b4-42a3-9ddd-95572b74325f,76af6a89-c4e9-431e-97dc-cc01d319be1f,1,9500,17ea9272-bf9d-406d-bca3-01fc75d08032
20f8b1e9-57a1-4bc0-ac31-e09e3e5f6920,cd82e968-b2b4-42a3-9ddd-95572b74325f,7ee18737-29e8-49a7-ae05-e7f3a39235dc,2,8000,17ea9272-bf9d-406d-bca3-01fc75d08032
500143f2-ce45-4318-86ee-44a49d7fc1c7,f82f2ea0-a276-41e4-90d3-93829d26f71f,030a4e11-ffeb-4db0-b4f7-ade3186d7c71,1,3500,17ea9272-bf9d-406d-bca3-01fc75d08032
d6331cf1-c834-4b21-a9b6-551041421c44,8b6b37c2-684b-4516-a7c9-54ab249aebe1,030a4e11-ffeb-4db0-b4f7-ade3186d7c71,2,3500,17ea9272-bf9d-406d-bca3-01fc75d08032
c98e7083-b8ed-46bb-afd8-87ddb9bd66fa,8b6b37c2-684b-4516-a7c9-54ab249aebe1,a6f732bb-fafa-4d59-be16-7ba5f3b606c0,2,6500,17ea9272-bf9d-406d-bca3-01fc75d08032
ec243e5a-1828-4c7b-a60d-670a689f82d3,8b6b37c2-684b-4516-a7c9-54ab249aebe1,7ee18737-29e8-49a7-ae05-e7f3a39235dc,2,8000,17ea9272-bf9d-406d-bca3-01fc75d08032
ff49a295-30a2-49b9-a99a-748b1955df29,ca6ad267-ccbd-45f8-8e2b-9de058ff9447,7ee18737-29e8-49a7-ae05-e7f3a39235dc,2,8000,17ea9272-bf9d-406d-bca3-01fc75d08032
7e26a176-9d43-4d73-96de-e40a2e0aad17,ca6ad267-ccbd-45f8-8e2b-9de058ff9447,030a4e11-ffeb-4db0-b4f7-ade3186d7c71,1,3500,17ea9272-bf9d-406d-bca3-01fc75d08032
b51f6adb-09b1-4edc-8d56-8de65b76893e,0b3dbbcb-c55e-4f00-a39b-2e20dadc758c,7ee18737-29e8-49a7-ae05-e7f3a39235dc,2,8000,17ea9272-bf9d-406d-bca3-01fc75d08032
62c5b464-08d6-4d6d-96d3-0702137dd957,0b3dbbcb-c55e-4f00-a39b-2e20dadc758c,030a4e11-ffeb-4db0-b4f7-ade3186d7c71,2,3500,17ea9272-bf9d-406d-bca3-01fc75d08032
730af36a-cc1c-456a-8f43-353e15b71567,0b3dbbcb-c55e-4f00-a39b-2e20dadc758c,a6f732bb-fafa-4d59-be16-7ba5f3b606c0,1,6500,17ea9272-bf9d-406d-bca3-01fc75d08032
fa1c0a5e-ad22-4969-8dc2-e063874220a7,d46b79cf-523a-495a-acac-ba657adb2c8a,a6f732bb-fafa-4d59-be16-7ba5f3b606c0,1,6500,17ea9272-bf9d-406d-bca3-01fc75d08032
fe747304-43d1-432f-b801-9462402ce9de,3cb095cb-1dde-4180-933e-ad15ece14cea,a6f732bb-fafa-4d59-be16-7ba5f3b606c0,2,6500,17ea9272-bf9d-406d-bca3-01fc75d08032
b33f77ef-69cb-4d78-b3a7-27aef6d9a179,3cb095cb-1dde-4180-933e-ad15ece14cea,7ee18737-29e8-49a7-ae05-e7f3a39235dc,1,8000,17ea9272-bf9d-406d-bca3-01fc75d08032
446f9b09-a455-4f33-a0c9-11d47d27dbe8,3cb095cb-1dde-4180-933e-ad15ece14cea,a6f732bb-fafa-4d59-be16-7ba5f3b606c0,2,6500,17ea9272-bf9d-406d-bca3-01fc75d08032
259e62c1-25e1-449e-aa12-dd014a8eb26f,a531f173-833a-4dbf-9b19-4dead08cb8f9,7ee18737-29e8-49a7-ae05-e7f3a39235dc,2,8000,17ea9272-bf9d-406d-bca3-01fc75d08032
55e081a5-dfd3-46e9-943b-54ddae6fa7c7,a531f173-833a-4dbf-9b19-4dead08cb8f9,a6f732bb-fafa-4d59-be16-7ba5f3b606c0,1,6500,17ea9272-bf9d-406d-bca3-01fc75d08032
7d1aab34-1c3c-4d54-948d-2845bfe528e9,2b3034a0-c51f-4c17-ace4-a902959b4e87,76af6a89-c4e9-431e-97dc-cc01d319be1f,2,9500,17ea9272-bf9d-406d-bca3-01fc75d08032
f54bdb93-db36-432e-ad1d-3fbefef062d8,2b3034a0-c51f-4c17-ace4-a902959b4e87,a6f732bb-fafa-4d59-be16-7ba5f3b606c0,2,6500,17ea9272-bf9d-406d-bca3-01fc75d08032
37299a0e-ba93-4aea-9535-43f26e065e28,b1055ce2-48fa-46ce-93af-fa79c2559f50,7ee18737-29e8-49a7-ae05-e7f3a39235dc,1,8000,17ea9272-bf9d-406d-bca3-01fc75d08032
3dd7c1b6-5663-45ee-93a1-002aaca296ce,9344b238-6514-4d13-aad4-c6b1eccdfe1f,a6f732bb-fafa-4d59-be16-7ba5f3b606c0,1,6500,17ea9272-bf9d-406d-bca3-01fc75d08032
b37afb31-cc89-441c-b838-1b313e67805d,c28f3106-7db9-4d14-b60f-e8fdd5296e7d,030a4e11-ffeb-4db0-b4f7-ade3186d7c71,1,3500,17ea9272-bf9d-406d-bca3-01fc75d08032
cc85f9f2-deb5-47ce-8e1d-f94a2398920b,d5040542-df63-4289-9485-60b29a42d23f,030a4e11-ffeb-4db0-b4f7-ade3186d7c71,2,3500,17ea9272-bf9d-406d-bca3-01fc75d08032
0fbc9b93-b0ec-4c49-a083-7987f37b1bbb,d5040542-df63-4289-9485-60b29a42d23f,030a4e11-ffeb-4db0-b4f7-ade3186d7c71,1,3500,17ea9272-bf9d-406d-bca3-01fc75d08032
e3d2e17d-4347-4683-9530-a4ca667e2145,d5040542-df63-4289-9485-60b29a42d23f,76af6a89-c4e9-431e-97dc-cc01d319be1f,1,9500,17ea9272-bf9d-406d-bca3-01fc75d08032
89b8998a-45d8-4775-a489-50b91e844c7e,853df8eb-3053-4463-b53a-c234b1ce0014,030a4e11-ffeb-4db0-b4f7-ade3186d7c71,2,3500,17ea9272-bf9d-406d-bca3-01fc75d08032
9a00bc52-222b-4a7d-8fe4-a9c525e0845c,853df8eb-3053-4463-b53a-c234b1ce0014,76af6a89-c4e9-431e-97dc-cc01d319be1f,2,9500,17ea9272-bf9d-406d-bca3-01fc75d08032
172ab0ff-153e-4b4f-b35e-a320141eb87c,45e03ca0-9864-4bd4-a24d-5bdfc8a758dd,7ee18737-29e8-49a7-ae05-e7f3a39235dc,1,8000,17ea9272-bf9d-406d-bca3-01fc75d08032
045e13a7-6b7a-4ce5-992a-22690a6cd5e4,1d940a99-856e-47c6-bda5-0bbc4baec53b,76af6a89-c4e9-431e-97dc-cc01d319be1f,1,9500,17ea9272-bf9d-406d-bca3-01fc75d08032
054a4023-422c-44e2-90f7-ad9d605259c3,1d940a99-856e-47c6-bda5-0bbc4baec53b,a6f732bb-fafa-4d59-be16-7ba5f3b606c0,1,6500,17ea9272-bf9d-406d-bca3-01fc75d08032
a8436762-d2f0-4522-9409-62d2871d3207,1d940a99-856e-47c6-bda5-0bbc4baec53b,030a4e11-ffeb-4db0-b4f7-ade3186d7c71,2,3500,17ea9272-bf9d-406d-bca3-01fc75d08032
34da419b-c5fc-4074-9086-2c69a9101c6e,f031c7b6-945b-4324-8f58-be2d1590687c,030a4e11-ffeb-4db0-b4f7-ade3186d7c71,1,3500,17ea9272-bf9d-406d-bca3-01fc75d08032
9c3c45fe-a240-4935-a5c9-73b539706e32,f031c7b6-945b-4324-8f58-be2d1590687c,030a4e11-ffeb-4db0-b4f7-ade3186d7c71,2,3500,17ea9272-bf9d-406d-bca3-01fc75d08032
605ccad7-d5c4-4278-a900-a1387205541f,f031c7b6-945b-4324-8f58-be2d1590687c,030a4e11-ffeb-4db0-b4f7-ade3186d7c71,2,3500,17ea9272-bf9d-406d-bca3-01fc75d08032
6f8d562c-5b63-4ecd-a914-078317caaf65,5662cca8-1b49-41ae-81b3-821d9d114b70,a6f732bb-fafa-4d59-be16-7ba5f3b606c0,1,6500,17ea9272-bf9d-406d-bca3-01fc75d08032
8cabc9a5-dbe5-4007-aff8-32a1bf719d72,5662cca8-1b49-41ae-81b3-821d9d114b70,7ee18737-29e8-49a7-ae05-e7f3a39235dc,2,8000,17ea9272-bf9d-406d-bca3-01fc75d08032
44dcb19d-ab3a-47d7-900c-ab4959594194,5662cca8-1b49-41ae-81b3-821d9d114b70,a6f732bb-fafa-4d59-be16-7ba5f3b606c0,2,6500,17ea9272-bf9d-406d-bca3-01fc75d08032
993a48a6-5536-4111-922a-a12d78649796,3f3585a6-32fe-4c4b-bb09-321b4c1270ec,76af6a89-c4e9-431e-97dc-cc01d319be1f,1,9500,17ea9272-bf9d-406d-bca3-01fc75d08032
fb537e04-76af-4960-a1cc-1de707a8a8c7,3d946da3-39b6-4f96-a0c7-c41cbd30df42,030a4e11-ffeb-4db0-b4f7-ade3186d7c71,2,3500,17ea9272-bf9d-406d-bca3-01fc75d08032
d6795fdf-4e83-4224-ac22-121634ffbcca,dac73c42-9eeb-4918-99d1-da68b0af6fe3,7ee18737-29e8-49a7-ae05-e7f3a39235dc,1,8000,17ea9272-bf9d-406d-bca3-01fc75d08032
8ddac620-37aa-4926-b6a2-4f9017c17ec4,82515c4e-9e10-439e-a6fa-590f4aa90439,7ee18737-29e8-49a7-ae05-e7f3a39235dc,1,8000,17ea9272-bf9d-406d-bca3-01fc75d08032
12eb8809-9f73-453d-aa46-f5afe90f9eb1,82515c4e-9e10-439e-a6fa-590f4aa90439,a6f732bb-fafa-4d59-be16-7ba5f3b606c0,2,6500,17ea9272-bf9d-406d-bca3-01fc75d08032
eecaf5a2-21de-4adf-8a12-0ec50cb87346,82515c4e-9e10-439e-a6fa-590f4aa90439,7ee18737-29e8-49a7-ae05-e7f3a39235dc,2,8000,17ea9272-bf9d-406d-bca3-01fc75d08032
10b46c64-6d88-413b-9378-cc2e97187111,31be9b1f-50f3-4463-86cf-c0e238b621f0,76af6a89-c4e9-431e-97dc-cc01d319be1f,1,9500,17ea9272-bf9d-406d-bca3-01fc75d08032
7bfb92ff-b42f-4c7e-9fc0-4d7fadce2cbe,31be9b1f-50f3-4463-86cf-c0e238b621f0,76af6a89-c4e9-431e-97dc-cc01d319be1f,2,9500,17ea9272-bf9d-406d-bca3-01fc75d08032
0fced914-b33a-411c-a34f-455704c693e0,6a0d91d8-06c9-4afd-a18a-0f70f4b732d7,030a4e11-ffeb-4db0-b4f7-ade3186d7c71,1,3500,17ea9272-bf9d-406d-bca3-01fc75d08032
afbc11c9-01a3-47c0-b7ee-f4853c2cbec7,6a0d91d8-06c9-4afd-a18a-0f70f4b732d7,7ee18737-29e8-49a7-ae05-e7f3a39235dc,2,8000,17ea9272-bf9d-406d-bca3-01fc75d08032
c2639d41-0283-4ddf-af08-3b05f8d3f50f,6a0d91d8-06c9-4afd-a18a-0f70f4b732d7,7ee18737-29e8-49a7-ae05-e7f3a39235dc,2,8000,17ea9272-bf9d-406d-bca3-01fc75d08032
17d52131-3044-4ca7-8aa5-c7424e83eeb1,d32be8db-65ef-46ef-9aae-c4d120a83365,7ee18737-29e8-49a7-ae05-e7f3a39235dc,2,8000,17ea9272-bf9d-406d-bca3-01fc75d08032
b07464cb-60b2-4c02-ba32-118bb69833ce,d32be8db-65ef-46ef-9aae-c4d120a83365,030a4e11-ffeb-4db0-b4f7-ade3186d7c71,2,3500,17ea9272-bf9d-406d-bca3-01fc75d08032
5834d627-74fb-44ed-bea5-a86dcb509735,d32be8db-65ef-46ef-9aae-c4d120a83365,a6f732bb-fafa-4d59-be16-7ba5f3b606c0,2,6500,17ea9272-bf9d-406d-bca3-01fc75d08032
b5538266-0289-45e1-8110-5fba2d08784f,9f15a14c-a830-4dd9-9b4c-f277489ec287,030a4e11-ffeb-4db0-b4f7-ade3186d7c71,1,3500,17ea9272-bf9d-406d-bca3-01fc75d08032
08280437-8de9-4957-af19-b06e51155997,9f15a14c-a830-4dd9-9b4c-f277489ec287,030a4e11-ffeb-4db0-b4f7-ade3186d7c71,2,3500,17ea9272-bf9d-406d-bca3-01fc75d08032
